,server,current_server,create_date,role_level,vip_level,month_card_left,capability,app_channel,app_ver,device_height,device_width,os_name,os_ver,online_time,online_get_exp_amt,1d_login_cnt,3d_login_cnt,1w_login_cnt,1m_login_cnt,3d_login_day_cnt,1w_login_day_cnt,1m_login_day_cnt,friend_num,add_friend_cnt,be_add_friend_cnt,del_friend_cnt,be_del_friend_cnt,is_in_guild,join_guild_cnt,approve_guild_cnt,leave_guild_cnt,kickout_guild_cnt,energy_cnt,energy_amt,dispatch_cnt,lj_cnt,jh_cnt,ctm_cnt,lxld_cnt,mz_cnt,qc_cnt,qc_gp_cnt,qc_qt_cnt,drfb_cnt,dqz_cnt,qkt_cnt,xlc_cnt,ml_cnt,lgf_cnt,sd_cnt,sslt_cnt,lpjw_cnt,qyh_cnt,jh_zs_cnt,zjzd_cnt,sbz_cnt,lgf_lj_cnt,dj_cnt,dj_ls_cnt,qkt_ls_cnt,sd_ls_cnt,bpz_cnt,ckzw_cnt,wxt_single_cnt,wxt_multi_cnt,lj_xx_cnt,battle_rank,lj_win_rate,jh_win_rate,ctm_win_rate,lxld_win_rate,mz_win_rate,qc_win_rate,qc_gp_win_rate,qc_qt_win_rate,drfb_win_rate,dqz_win_rate,qkt_win_rate,xlc_win_rate,ml_win_rate,lgf_win_rate,sd_win_rate,sslt_win_rate,lpjw_win_rate,qyh_win_rate,jh_zs_win_rate,zjzd_win_rate,sbz_win_rate,lgf_lj_win_rate,dj_win_rate,dj_ls_win_rate,qkt_ls_win_rate,sd_ls_win_rate,bpz_win_rate,ckzw_win_rate,wxt_single_win_rate,wxt_multi_win_rate,lj_xx_win_rate,acm_recharge_amt,1m_recharge_amt,recharge_cnt,cash0_recharge_cnt,recharge_amt,online_get_money_amt,recharge_get_yuanbao_amt,recharge_get_yuanbao_cnt,recharge_get_yuanbao_avg,recharge_get_yuanbao_std,recharge_get_yuanbao_max,recharge_get_charge_yuanbao_amt,recharge_get_charge_yuanbao_cnt,recharge_get_charge_yuanbao_avg,recharge_get_charge_yuanbao_std,recharge_get_charge_yuanbao_max,recharge_get_free_yuanbao_amt,recharge_get_free_yuanbao_cnt,recharge_get_free_yuanbao_avg,recharge_get_free_yuanbao_std,recharge_get_free_yuanbao_max,system_get_yuanbao_amt,system_get_yuanbao_cnt,system_get_yuanbao_avg,system_get_yuanbao_std,system_get_yuanbao_max,system_get_charge_yuanbao_amt,system_get_charge_yuanbao_cnt,system_get_charge_yuanbao_avg,system_get_charge_yuanbao_std,system_get_charge_yuanbao_max,system_get_free_yuanbao_amt,system_get_free_yuanbao_cnt,system_get_free_yuanbao_avg,system_get_free_yuanbao_std,system_get_free_yuanbao_max,buy_item_cat_amt,buy_item_price_amt,buy_item_price_avg,buy_item_price_max,buy_item_price_std,buy_item_amount_amt,buy_item_amount_avg,buy_item_amount_max,buy_item_amount_std,buy_item_use_yuanbao_amt,buy_item_use_yuanbao_cnt,buy_item_use_yuanbao_avg,buy_item_use_yuanbao_std,buy_item_use_yuanbao_max,buy_item_use_charge_yuanbao_amt,buy_item_use_charge_yuanbao_cnt,buy_item_use_charge_yuanbao_avg,buy_item_use_charge_yuanbao_std,buy_item_use_charge_yuanbao_max,buy_item_use_free_yuanbao_amt,buy_item_use_free_yuanbao_cnt,buy_item_use_free_yuanbao_avg,buy_item_use_free_yuanbao_std,buy_item_use_free_yuanbao_max,other_way_use_yuanbao_amt,other_way_use_yuanbao_cnt,other_way_use_yuanbao_avg,other_way_use_yuanbao_std,other_way_use_yuanbao_max,other_way_use_charge_yuanbao_amt,other_way_use_charge_yuanbao_cnt,other_way_use_charge_yuanbao_avg,other_way_use_charge_yuanbao_std,other_way_use_charge_yuanbao_max,other_way_use_free_yuanbao_amt,other_way_use_free_yuanbao_cnt,other_way_use_free_yuanbao_avg,other_way_use_free_yuanbao_std,other_way_use_free_yuanbao_max
309276,1007.0,1006.0,2018-08-19,119.0,4.0,0.0,34285.0,app_store,406517.406517p0,1242.0,2208.0,ios,13.10,0.0,0.0,0.0,6.0,10.0,49.0,3.0,6.0,23.0,34.0,0.0,0.0,0.0,0.0,1.0,0.0,0.0,0.0,0.0,0.0,0.0,0.0,0.0,0.0,0.0,0.0,0.0,0.0,0.0,0.0,0.0,0.0,0.0,0.0,0.0,0.0,0.0,0.0,0.0,0.0,0.0,0.0,0.0,0.0,0.0,0.0,0.0,0.0,0.0,0.0,0.0,0.0,0.0,8110008.0,0.0,0.0,0.0,0.0,0.0,0.0,0.0,0.0,0.0,0.0,0.0,0.0,0.0,0.0,0.0,0.0,0.0,0.0,0.0,0.0,0.0,0.0,0.0,0.0,0.0,0.0,0.0,0.0,0.0,0.0,0.0,102.0,0.0,0.0,0.0,0.0,0.0,0.0,0.0,0.0,0.0,0.0,0.0,0.0,0.0,0.0,0.0,0.0,0.0,0.0,0.0,0.0,0.0,0.0,0.0,0.0,0.0,0.0,0.0,0.0,0.0,0.0,0.0,0.0,0.0,0.0,0.0,0.0,0.0,0.0,0.0,0.0,0.0,0.0,0.0,0.0,0.0,0.0,0.0,0.0,0.0,0.0,0.0,0.0,0.0,0.0,0.0,0.0,0.0,0.0,0.0,0.0,0.0,0.0,0.0,0.0,0.0,0.0,0.0,0.0,0.0,0.0,0.0,0.0,0.0,0.0
270942,6023.0,6022.0,2019-05-17,96.0,0.0,0.0,18764.0,huawei,406517.406517p0,1080.0,2159.0,android,9,2552.0,630.0,1.0,6.0,8.0,36.0,4.0,6.0,20.0,47.0,0.0,0.0,0.0,0.0,0.0,0.0,0.0,0.0,0.0,11.0,160.0,6.0,2.0,4.0,0.0,0.0,0.0,0.0,0.0,0.0,1.0,0.0,0.0,0.0,2.0,0.0,0.0,0.0,0.0,1.0,0.0,0.0,0.0,0.0,1.0,0.0,0.0,0.0,0.0,0.0,1.0,0.0,0.0,8110009.0,0.5,0.75,0.0,0.0,0.0,0.0,0.0,0.0,1.0,0.0,0.0,0.0,1.0,0.0,0.0,0.0,0.0,1.0,0.0,0.0,0.0,0.0,1.0,0.0,0.0,0.0,0.0,0.0,0.0,0.0,0.0,0.0,0.0,0.0,0.0,0.0,217104.0,0.0,0.0,0.0,0.0,0.0,0.0,0.0,0.0,0.0,0.0,0.0,0.0,0.0,0.0,0.0,25.0,1.0,25.0,0.0,25.0,0.0,0.0,0.0,0.0,0.0,25.0,1.0,25.0,0.0,25.0,0.0,0.0,0.0,0.0,0.0,0.0,0.0,0.0,0.0,0.0,0.0,0.0,0.0,0.0,0.0,0.0,0.0,0.0,0.0,0.0,0.0,0.0,0.0,0.0,0.0,0.0,0.0,0.0,0.0,0.0,0.0,0.0,0.0,0.0,0.0,0.0,0.0,0.0,0.0
140456,6030.0,6030.0,2019-10-21,79.0,0.0,0.0,12475.0,nearme_vivo,406517.406517p0,720.0,1356.0,android,7.1.1,20119.0,1636.0,12.0,53.0,124.0,275.0,4.0,8.0,31.0,65.0,2.0,2.0,0.0,1.0,0.0,0.0,0.0,0.0,0.0,19.0,625.0,4.0,9.0,15.0,0.0,0.0,0.0,0.0,0.0,0.0,2.0,0.0,0.0,0.0,2.0,1.0,5.0,1.0,2.0,1.0,0.0,0.0,1.0,0.0,0.0,0.0,0.0,0.0,0.0,0.0,1.0,0.0,1.0,8110009.0,0.33333334,0.73333335,0.0,0.0,0.0,0.0,0.0,0.0,1.0,0.0,0.0,0.0,1.0,0.0,0.0,1.0,1.0,1.0,0.0,0.0,1.0,0.0,0.0,0.0,0.0,0.0,0.0,0.0,0.0,0.0,0.0,0.0,0.0,0.0,0.0,0.0,279710.0,0.0,0.0,0.0,0.0,0.0,0.0,0.0,0.0,0.0,0.0,0.0,0.0,0.0,0.0,0.0,25.0,1.0,25.0,0.0,25.0,0.0,0.0,0.0,0.0,0.0,25.0,1.0,25.0,0.0,25.0,0.0,0.0,0.0,0.0,0.0,0.0,0.0,0.0,0.0,0.0,0.0,0.0,0.0,0.0,0.0,0.0,0.0,0.0,0.0,0.0,0.0,0.0,0.0,0.0,0.0,0.0,0.0,0.0,0.0,0.0,0.0,0.0,0.0,0.0,0.0,0.0,0.0,0.0,0.0
137802,4007.0,1004.0,2018-08-22,94.0,6.0,0.0,18897.0,bobo_cpa2_dev,406517.406517p0,1080.0,1920.0,android,8.1.0,0.0,0.0,0.0,0.0,2.0,8.0,0.0,1.0,4.0,34.0,0.0,0.0,0.0,0.0,0.0,0.0,0.0,0.0,0.0,0.0,0.0,0.0,0.0,0.0,0.0,0.0,0.0,0.0,0.0,0.0,0.0,0.0,0.0,0.0,0.0,0.0,0.0,0.0,0.0,0.0,0.0,0.0,0.0,0.0,0.0,0.0,0.0,0.0,0.0,0.0,0.0,0.0,0.0,8110005.0,0.0,0.0,0.0,0.0,0.0,0.0,0.0,0.0,0.0,0.0,0.0,0.0,0.0,0.0,0.0,0.0,0.0,0.0,0.0,0.0,0.0,0.0,0.0,0.0,0.0,0.0,0.0,0.0,0.0,0.0,0.0,724.0,0.0,0.0,0.0,0.0,0.0,0.0,0.0,0.0,0.0,0.0,0.0,0.0,0.0,0.0,0.0,0.0,0.0,0.0,0.0,0.0,0.0,0.0,0.0,0.0,0.0,0.0,0.0,0.0,0.0,0.0,0.0,0.0,0.0,0.0,0.0,0.0,0.0,0.0,0.0,0.0,0.0,0.0,0.0,0.0,0.0,0.0,0.0,0.0,0.0,0.0,0.0,0.0,0.0,0.0,0.0,0.0,0.0,0.0,0.0,0.0,0.0,0.0,0.0,0.0,0.0,0.0,0.0,0.0,0.0,0.0,0.0,0.0,0.0,0.0
358470,6030.0,6030.0,2019-10-21,58.0,5.0,0.0,7517.0,iaround,406517.406517p0,1080.0,2333.0,android,9,8867.0,1718.0,3.0,11.0,20.0,64.0,3.0,6.0,16.0,70.0,38.0,13.0,0.0,0.0,1.0,0.0,0.0,0.0,0.0,21.0,347.0,9.0,4.0,4.0,10.0,0.0,0.0,0.0,0.0,0.0,2.0,0.0,0.0,0.0,2.0,0.0,0.0,0.0,2.0,0.0,0.0,0.0,2.0,0.0,2.0,0.0,0.0,0.0,0.0,0.0,1.0,0.0,0.0,8110005.0,0.75,0.75,0.5,0.0,0.0,0.0,0.0,0.0,1.0,0.0,0.0,0.0,1.0,0.0,0.0,0.0,1.0,0.0,0.0,0.0,1.0,0.0,1.0,0.0,0.0,0.0,0.0,0.0,0.0,0.0,0.0,314.0,226.0,0.0,0.0,0.0,362133.0,0.0,0.0,0.0,0.0,0.0,0.0,0.0,0.0,0.0,0.0,0.0,0.0,0.0,0.0,0.0,30.0,2.0,15.0,10.0,25.0,0.0,0.0,0.0,0.0,0.0,30.0,2.0,15.0,10.0,25.0,1.0,0.0,0.0,0.0,0.0,27450.0,27450.0,27450.0,0.0,5.0,1.0,5.0,0.0,5.0,0.0,0.0,0.0,0.0,0.0,5.0,1.0,5.0,0.0,5.0,0.0,0.0,0.0,0.0,0.0,0.0,0.0,0.0,0.0,0.0,0.0,0.0,0.0,0.0,0.0
145023,6015.0,6012.0,2018-12-13,140.0,5.0,0.0,42228.0,oppo,406517.406517p0,1080.0,2050.0,android,9,9889.0,723.0,11.0,51.0,95.0,422.0,4.0,8.0,31.0,31.0,1.0,1.0,0.0,0.0,1.0,0.0,0.0,0.0,0.0,6.0,325.0,0.0,4.0,4.0,0.0,0.0,0.0,0.0,1.0,0.0,2.0,0.0,0.0,0.0,2.0,0.0,0.0,0.0,2.0,1.0,0.0,0.0,1.0,0.0,3.0,1.0,0.0,0.0,0.0,0.0,0.0,4.0,1.0,8110014.0,0.5,1.0,0.0,0.0,0.0,0.0,0.0,0.0,1.0,0.0,0.0,0.0,1.0,0.0,0.0,0.0,1.0,1.0,0.0,0.0,1.0,0.0,1.0,1.0,0.0,0.0,0.0,0.0,0.0,0.0,1.0,270.0,0.0,0.0,0.0,0.0,311707.0,0.0,0.0,0.0,0.0,0.0,0.0,0.0,0.0,0.0,0.0,0.0,0.0,0.0,0.0,0.0,397.0,5.0,79.4,66.74309,200.0,0.0,0.0,0.0,0.0,0.0,397.0,5.0,79.4,66.74309,200.0,0.0,0.0,0.0,0.0,0.0,0.0,0.0,0.0,0.0,0.0,0.0,0.0,0.0,0.0,0.0,0.0,0.0,0.0,0.0,0.0,0.0,0.0,0.0,0.0,0.0,0.0,0.0,0.0,0.0,0.0,0.0,0.0,0.0,0.0,0.0,0.0,0.0,0.0,0.0
177036,6019.0,6016.0,2019-02-01,69.0,4.0,23.0,11927.0,huawei,406517.406517p0,1080.0,2208.0,android,9,7451.0,1287.0,12.0,29.0,69.0,114.0,4.0,8.0,12.0,65.0,1.0,0.0,0.0,0.0,1.0,0.0,0.0,0.0,0.0,24.0,447.0,6.0,2.0,37.0,0.0,0.0,0.0,0.0,0.0,0.0,0.0,0.0,0.0,0.0,2.0,0.0,0.0,0.0,0.0,0.0,0.0,0.0,15.0,0.0,0.0,0.0,0.0,0.0,0.0,0.0,1.0,0.0,0.0,8110009.0,0.5,0.27027026,0.0,0.0,0.0,0.0,0.0,0.0,0.0,0.0,0.0,0.0,1.0,0.0,0.0,0.0,0.0,0.0,0.0,0.0,0.4,0.0,0.0,0.0,0.0,0.0,0.0,0.0,0.0,0.0,0.0,130.0,118.0,0.0,0.0,0.0,388416.0,0.0,0.0,0.0,0.0,0.0,0.0,0.0,0.0,0.0,0.0,0.0,0.0,0.0,0.0,0.0,90.0,3.0,30.0,22.730303,60.0,0.0,0.0,0.0,0.0,0.0,90.0,3.0,30.0,22.730303,60.0,1.0,460.0,460.0,460.0,0.0,20.0,20.0,20.0,0.0,460.0,1.0,460.0,0.0,460.0,0.0,0.0,0.0,0.0,0.0,460.0,1.0,460.0,0.0,460.0,0.0,0.0,0.0,0.0,0.0,0.0,0.0,0.0,0.0,0.0,0.0,0.0,0.0,0.0,0.0
247517,4004.0,1002.0,2018-08-29,40.0,0.0,0.0,5088.0,sumsung_cps_dev,406517.406517p0,768.0,1024.0,android,7.1.1,15024.0,1822.0,11.0,27.0,27.0,27.0,3.0,3.0,3.0,27.0,2.0,1.0,0.0,0.0,0.0,0.0,0.0,0.0,0.0,26.0,350.0,5.0,0.0,18.0,4.0,0.0,0.0,0.0,0.0,0.0,0.0,0.0,0.0,2.0,0.0,0.0,0.0,0.0,0.0,1.0,0.0,0.0,3.0,0.0,1.0,0.0,0.0,0.0,0.0,0.0,0.0,0.0,0.0,8110000.0,0.0,0.8888889,0.5,0.0,0.0,0.0,0.0,0.0,0.0,0.0,0.0,1.0,0.0,0.0,0.0,0.0,0.0,1.0,0.0,0.0,1.0,0.0,1.0,0.0,0.0,0.0,0.0,0.0,0.0,0.0,0.0,6.0,0.0,0.0,0.0,0.0,489750.0,0.0,0.0,0.0,0.0,0.0,0.0,0.0,0.0,0.0,0.0,0.0,0.0,0.0,0.0,0.0,15.0,2.0,7.5,2.5,10.0,0.0,0.0,0.0,0.0,0.0,15.0,2.0,7.5,2.5,10.0,2.0,24.0,12.0,16.0,4.0,6.0,3.0,4.0,1.0,24.0,2.0,12.0,4.0,16.0,0.0,0.0,0.0,0.0,0.0,24.0,2.0,12.0,4.0,16.0,10.0,1.0,10.0,0.0,10.0,0.0,0.0,0.0,0.0,0.0,10.0,1.0,10.0,0.0,10.0
165750,1037.0,1037.0,2019-09-23,77.0,0.0,0.0,13441.0,app_store,406517.406517p0,1125.0,2001.0,ios,11.40,0.0,0.0,0.0,5.0,17.0,212.0,3.0,6.0,28.0,61.0,0.0,0.0,0.0,0.0,1.0,0.0,0.0,0.0,0.0,0.0,0.0,0.0,0.0,0.0,0.0,0.0,0.0,0.0,0.0,0.0,0.0,0.0,0.0,0.0,0.0,0.0,0.0,0.0,0.0,0.0,0.0,0.0,0.0,0.0,0.0,0.0,0.0,0.0,0.0,0.0,0.0,0.0,0.0,8110008.0,0.0,0.0,0.0,0.0,0.0,0.0,0.0,0.0,0.0,0.0,0.0,0.0,0.0,0.0,0.0,0.0,0.0,0.0,0.0,0.0,0.0,0.0,0.0,0.0,0.0,0.0,0.0,0.0,0.0,0.0,0.0,6.0,0.0,0.0,0.0,0.0,0.0,0.0,0.0,0.0,0.0,0.0,0.0,0.0,0.0,0.0,0.0,0.0,0.0,0.0,0.0,0.0,0.0,0.0,0.0,0.0,0.0,0.0,0.0,0.0,0.0,0.0,0.0,0.0,0.0,0.0,0.0,0.0,0.0,0.0,0.0,0.0,0.0,0.0,0.0,0.0,0.0,0.0,0.0,0.0,0.0,0.0,0.0,0.0,0.0,0.0,0.0,0.0,0.0,0.0,0.0,0.0,0.0,0.0,0.0,0.0,0.0,0.0,0.0,0.0,0.0,0.0,0.0,0.0,0.0,0.0
104288,1008.0,1008.0,2019-02-04,40.0,0.0,0.0,2115.0,baidu_sem_dev,406517.406517p0,720.0,1520.0,android,8.1.0,0.0,0.0,0.0,0.0,1.0,7.0,0.0,1.0,7.0,25.0,0.0,0.0,0.0,0.0,0.0,0.0,0.0,0.0,0.0,0.0,0.0,0.0,0.0,0.0,0.0,0.0,0.0,0.0,0.0,0.0,0.0,0.0,0.0,0.0,0.0,0.0,0.0,0.0,0.0,0.0,0.0,0.0,0.0,0.0,0.0,0.0,0.0,0.0,0.0,0.0,0.0,0.0,0.0,8110000.0,0.0,0.0,0.0,0.0,0.0,0.0,0.0,0.0,0.0,0.0,0.0,0.0,0.0,0.0,0.0,0.0,0.0,0.0,0.0,0.0,0.0,0.0,0.0,0.0,0.0,0.0,0.0,0.0,0.0,0.0,0.0,0.0,0.0,0.0,0.0,0.0,0.0,0.0,0.0,0.0,0.0,0.0,0.0,0.0,0.0,0.0,0.0,0.0,0.0,0.0,0.0,0.0,0.0,0.0,0.0,0.0,0.0,0.0,0.0,0.0,0.0,0.0,0.0,0.0,0.0,0.0,0.0,0.0,0.0,0.0,0.0,0.0,0.0,0.0,0.0,0.0,0.0,0.0,0.0,0.0,0.0,0.0,0.0,0.0,0.0,0.0,0.0,0.0,0.0,0.0,0.0,0.0,0.0,0.0,0.0,0.0,0.0,0.0,0.0,0.0,0.0,0.0,0.0,0.0,0.0,0.0
319897,6003.0,6002.0,2018-08-22,159.0,5.0,0.0,42650.0,huawei,406517.406517p0,1080.0,2160.0,android,9,9797.0,1015.0,9.0,35.0,69.0,302.0,4.0,8.0,31.0,66.0,0.0,0.0,0.0,0.0,1.0,0.0,0.0,0.0,0.0,21.0,440.0,11.0,1.0,14.0,0.0,0.0,0.0,0.0,0.0,0.0,2.0,0.0,0.0,0.0,3.0,0.0,0.0,0.0,2.0,0.0,0.0,0.0,3.0,0.0,2.0,0.0,0.0,0.0,0.0,0.0,1.0,2.0,0.0,8110022.0,1.0,0.35714287,0.0,0.0,0.0,0.0,0.0,0.0,1.0,0.0,0.0,0.0,1.0,0.0,0.0,0.0,1.0,0.0,0.0,0.0,1.0,0.0,1.0,0.0,0.0,0.0,0.0,0.0,0.0,1.0,0.0,274.0,0.0,0.0,0.0,0.0,1035097.0,0.0,0.0,0.0,0.0,0.0,0.0,0.0,0.0,0.0,0.0,0.0,0.0,0.0,0.0,0.0,71.0,3.0,23.666666,10.656245,36.0,0.0,0.0,0.0,0.0,0.0,71.0,3.0,23.666666,10.656245,36.0,2.0,25.0,12.5,25.0,12.5,73351.0,36675.5,73350.0,36674.5,30.0,2.0,15.0,10.0,25.0,0.0,0.0,0.0,0.0,0.0,30.0,2.0,15.0,10.0,25.0,0.0,0.0,0.0,0.0,0.0,0.0,0.0,0.0,0.0,0.0,0.0,0.0,0.0,0.0,0.0
62537,1033.0,1032.0,2019-06-27,48.0,0.0,0.0,7363.0,sumsung_cps_dev,406517.406517p0,810.0,1571.0,android,9,549.0,210.0,2.0,3.0,4.0,11.0,2.0,3.0,8.0,8.0,0.0,0.0,0.0,0.0,0.0,0.0,0.0,0.0,0.0,0.0,0.0,0.0,1.0,0.0,0.0,0.0,0.0,0.0,0.0,0.0,0.0,0.0,0.0,0.0,0.0,0.0,0.0,0.0,0.0,0.0,0.0,0.0,0.0,0.0,0.0,0.0,0.0,0.0,0.0,0.0,0.0,0.0,0.0,8110016.0,0.0,0.0,0.0,0.0,0.0,0.0,0.0,0.0,0.0,0.0,0.0,0.0,0.0,0.0,0.0,0.0,0.0,0.0,0.0,0.0,0.0,0.0,0.0,0.0,0.0,0.0,0.0,0.0,0.0,0.0,0.0,0.0,0.0,0.0,0.0,0.0,23400.0,0.0,0.0,0.0,0.0,0.0,0.0,0.0,0.0,0.0,0.0,0.0,0.0,0.0,0.0,0.0,10.0,1.0,10.0,0.0,10.0,0.0,0.0,0.0,0.0,0.0,10.0,1.0,10.0,0.0,10.0,0.0,0.0,0.0,0.0,0.0,0.0,0.0,0.0,0.0,0.0,0.0,0.0,0.0,0.0,0.0,0.0,0.0,0.0,0.0,0.0,0.0,0.0,0.0,0.0,0.0,0.0,0.0,0.0,0.0,0.0,0.0,0.0,0.0,0.0,0.0,0.0,0.0,0.0,0.0
49115,1039.0,1039.0,2019-11-09,73.0,5.0,11.0,14094.0,sogou_cpc_dev,406517.406517p0,1080.0,2208.0,android,9,15640.0,1255.0,22.0,106.0,169.0,540.0,4.0,8.0,20.0,22.0,1.0,1.0,1.0,0.0,1.0,0.0,0.0,0.0,0.0,30.0,490.0,3.0,6.0,21.0,0.0,0.0,0.0,0.0,0.0,0.0,2.0,0.0,3.0,20.0,4.0,0.0,0.0,8.0,3.0,1.0,12.0,0.0,7.0,0.0,0.0,0.0,0.0,0.0,0.0,0.0,3.0,6.0,3.0,8110010.0,0.5,0.33333334,0.0,0.0,0.0,0.0,0.0,0.0,1.0,0.0,0.6666667,1.0,1.0,0.0,0.0,0.625,0.6666667,1.0,0.5833333,0.0,1.0,0.0,0.0,0.0,0.0,0.0,0.0,0.0,0.33333334,0.0,0.6666667,212.0,212.0,0.0,0.0,0.0,402692.0,0.0,0.0,0.0,0.0,0.0,0.0,0.0,0.0,0.0,0.0,0.0,0.0,0.0,0.0,0.0,134.0,6.0,22.333334,17.996914,60.0,0.0,0.0,0.0,0.0,0.0,134.0,6.0,22.333334,17.996914,60.0,1.0,25.0,25.0,25.0,0.0,1.0,1.0,1.0,0.0,25.0,1.0,25.0,0.0,25.0,0.0,0.0,0.0,0.0,0.0,25.0,1.0,25.0,0.0,25.0,0.0,0.0,0.0,0.0,0.0,0.0,0.0,0.0,0.0,0.0,0.0,0.0,0.0,0.0,0.0
333590,1007.0,1006.0,2018-08-23,86.0,4.0,0.0,21293.0,app_store,406517.406517p0,1125.0,2436.0,ios,13.10,5600.0,228.0,9.0,12.0,13.0,43.0,3.0,4.0,21.0,11.0,0.0,0.0,0.0,0.0,1.0,0.0,0.0,0.0,0.0,4.0,75.0,0.0,14.0,4.0,0.0,0.0,0.0,0.0,0.0,0.0,0.0,0.0,0.0,0.0,0.0,0.0,0.0,0.0,0.0,0.0,0.0,5.0,0.0,1.0,0.0,0.0,0.0,0.0,0.0,0.0,0.0,0.0,0.0,8110023.0,0.5,1.0,0.0,0.0,0.0,0.0,0.0,0.0,0.0,0.0,0.0,0.0,0.0,0.0,0.0,0.0,0.0,0.0,0.0,0.8,0.0,0.0,0.0,0.0,0.0,0.0,0.0,0.0,0.0,0.0,0.0,138.0,0.0,0.0,0.0,0.0,75870.0,0.0,0.0,0.0,0.0,0.0,0.0,0.0,0.0,0.0,0.0,0.0,0.0,0.0,0.0,0.0,0.0,0.0,0.0,0.0,0.0,0.0,0.0,0.0,0.0,0.0,0.0,0.0,0.0,0.0,0.0,0.0,0.0,0.0,0.0,0.0,0.0,0.0,0.0,0.0,0.0,0.0,0.0,0.0,0.0,0.0,0.0,0.0,0.0,0.0,0.0,0.0,0.0,0.0,0.0,0.0,0.0,0.0,0.0,0.0,0.0,0.0,0.0,0.0,0.0,0.0,0.0,0.0,0.0,0.0
239933,1022.0,1022.0,2019-09-28,68.0,0.0,0.0,8780.0,app_store,406517.406517p0,1242.0,2208.0,ios,13.30,3266.0,1260.0,10.0,31.0,56.0,195.0,4.0,8.0,29.0,23.0,0.0,0.0,0.0,0.0,0.0,0.0,0.0,0.0,0.0,23.0,355.0,21.0,0.0,2.0,0.0,0.0,0.0,0.0,0.0,0.0,1.0,0.0,0.0,0.0,1.0,0.0,0.0,0.0,3.0,0.0,0.0,0.0,0.0,0.0,0.0,0.0,0.0,0.0,0.0,0.0,0.0,0.0,0.0,8110009.0,0.0,0.5,0.0,0.0,0.0,0.0,0.0,0.0,1.0,0.0,0.0,0.0,1.0,0.0,0.0,0.0,0.6666667,0.0,0.0,0.0,0.0,0.0,0.0,0.0,0.0,0.0,0.0,0.0,0.0,0.0,0.0,0.0,0.0,0.0,0.0,0.0,184449.0,0.0,0.0,0.0,0.0,0.0,0.0,0.0,0.0,0.0,0.0,0.0,0.0,0.0,0.0,0.0,0.0,0.0,0.0,0.0,0.0,0.0,0.0,0.0,0.0,0.0,0.0,0.0,0.0,0.0,0.0,0.0,0.0,0.0,0.0,0.0,0.0,0.0,0.0,0.0,0.0,0.0,0.0,0.0,0.0,0.0,0.0,0.0,0.0,0.0,0.0,0.0,0.0,0.0,0.0,0.0,0.0,0.0,0.0,0.0,0.0,0.0,0.0,0.0,0.0,0.0,0.0,0.0,0.0,0.0
91590,4012.0,1008.0,2018-09-14,141.0,5.0,17.0,34150.0,netease,406517.406517p0,720.0,1480.0,android,8.0.0,15787.0,895.0,6.0,31.0,63.0,291.0,4.0,8.0,31.0,71.0,0.0,0.0,0.0,0.0,1.0,0.0,0.0,0.0,0.0,31.0,415.0,3.0,0.0,137.0,0.0,0.0,0.0,0.0,0.0,0.0,2.0,0.0,0.0,0.0,2.0,0.0,0.0,0.0,2.0,1.0,0.0,0.0,3.0,0.0,0.0,0.0,0.0,0.0,0.0,0.0,1.0,6.0,0.0,8110006.0,0.0,0.17518248,0.0,0.0,0.0,0.0,0.0,0.0,1.0,0.0,0.0,0.0,1.0,0.0,0.0,0.0,1.0,1.0,0.0,0.0,1.0,0.0,0.0,0.0,0.0,0.0,0.0,0.0,0.0,0.0,0.0,268.0,30.0,0.0,0.0,0.0,614545.0,0.0,0.0,0.0,0.0,0.0,0.0,0.0,0.0,0.0,0.0,0.0,0.0,0.0,0.0,0.0,112.0,3.0,37.333332,16.048538,60.0,0.0,0.0,0.0,0.0,0.0,112.0,3.0,37.333332,16.048538,60.0,1.0,25.0,25.0,25.0,0.0,1.0,1.0,1.0,0.0,25.0,1.0,25.0,0.0,25.0,0.0,0.0,0.0,0.0,0.0,25.0,1.0,25.0,0.0,25.0,0.0,0.0,0.0,0.0,0.0,0.0,0.0,0.0,0.0,0.0,0.0,0.0,0.0,0.0,0.0
284859,6004.0,6004.0,2018-08-22,78.0,0.0,0.0,12577.0,xiaomi_app,406517.406517p0,1080.0,2159.0,android,9,0.0,0.0,0.0,1.0,1.0,4.0,1.0,1.0,4.0,19.0,0.0,0.0,0.0,1.0,1.0,0.0,0.0,0.0,0.0,0.0,0.0,0.0,0.0,0.0,0.0,0.0,0.0,0.0,0.0,0.0,0.0,0.0,0.0,0.0,0.0,0.0,0.0,0.0,0.0,0.0,0.0,0.0,0.0,0.0,0.0,0.0,0.0,0.0,0.0,0.0,0.0,0.0,0.0,8110003.0,0.0,0.0,0.0,0.0,0.0,0.0,0.0,0.0,0.0,0.0,0.0,0.0,0.0,0.0,0.0,0.0,0.0,0.0,0.0,0.0,0.0,0.0,0.0,0.0,0.0,0.0,0.0,0.0,0.0,0.0,0.0,0.0,0.0,0.0,0.0,0.0,0.0,0.0,0.0,0.0,0.0,0.0,0.0,0.0,0.0,0.0,0.0,0.0,0.0,0.0,0.0,0.0,0.0,0.0,0.0,0.0,0.0,0.0,0.0,0.0,0.0,0.0,0.0,0.0,0.0,0.0,0.0,0.0,0.0,0.0,0.0,0.0,0.0,0.0,0.0,0.0,0.0,0.0,0.0,0.0,0.0,0.0,0.0,0.0,0.0,0.0,0.0,0.0,0.0,0.0,0.0,0.0,0.0,0.0,0.0,0.0,0.0,0.0,0.0,0.0,0.0,0.0,0.0,0.0,0.0,0.0
8398,1034.0,1034.0,2019-07-16,102.0,4.0,0.0,28528.0,app_store,406517.406517p0,828.0,1792.0,ios,13.10,7112.0,830.0,4.0,53.0,88.0,371.0,4.0,8.0,30.0,13.0,1.0,1.0,0.0,0.0,0.0,0.0,0.0,0.0,0.0,15.0,302.0,4.0,6.0,6.0,0.0,0.0,0.0,0.0,0.0,0.0,2.0,0.0,0.0,0.0,4.0,0.0,0.0,0.0,2.0,1.0,0.0,0.0,0.0,0.0,0.0,0.0,0.0,0.0,0.0,0.0,1.0,6.0,0.0,8110010.0,0.33333334,0.8333333,0.0,0.0,0.0,0.0,0.0,0.0,1.0,0.0,0.0,0.0,1.0,0.0,0.0,0.0,1.0,1.0,0.0,0.0,0.0,0.0,0.0,0.0,0.0,0.0,0.0,0.0,0.0,0.0,0.0,149.0,0.0,0.0,0.0,0.0,351688.0,0.0,0.0,0.0,0.0,0.0,0.0,0.0,0.0,0.0,0.0,0.0,0.0,0.0,0.0,0.0,25.0,1.0,25.0,0.0,25.0,0.0,0.0,0.0,0.0,0.0,25.0,1.0,25.0,0.0,25.0,1.0,25.0,25.0,25.0,0.0,1.0,1.0,1.0,0.0,25.0,1.0,25.0,0.0,25.0,0.0,0.0,0.0,0.0,0.0,25.0,1.0,25.0,0.0,25.0,10.0,1.0,10.0,0.0,10.0,0.0,0.0,0.0,0.0,0.0,10.0,1.0,10.0,0.0,10.0
265022,1040.0,1040.0,2019-11-16,52.0,1.0,0.0,7226.0,app_store,406517.406517p0,1668.0,2224.0,ios,13.20,8618.0,1891.0,7.0,25.0,47.0,65.0,4.0,8.0,12.0,24.0,2.0,2.0,0.0,0.0,1.0,0.0,0.0,0.0,0.0,19.0,265.0,9.0,2.0,8.0,0.0,0.0,0.0,0.0,0.0,0.0,2.0,0.0,0.0,0.0,3.0,0.0,0.0,0.0,2.0,0.0,0.0,0.0,0.0,0.0,0.0,0.0,0.0,0.0,0.0,0.0,1.0,2.0,0.0,8110017.0,0.5,0.875,0.0,0.0,0.0,0.0,0.0,0.0,1.0,0.0,0.0,0.0,1.0,0.0,0.0,0.0,1.0,0.0,0.0,0.0,0.0,0.0,0.0,0.0,0.0,0.0,0.0,0.0,0.0,0.0,0.0,18.0,18.0,0.0,0.0,0.0,332830.0,0.0,0.0,0.0,0.0,0.0,0.0,0.0,0.0,0.0,0.0,0.0,0.0,0.0,0.0,0.0,30.0,2.0,15.0,10.0,25.0,0.0,0.0,0.0,0.0,0.0,30.0,2.0,15.0,10.0,25.0,2.0,10.0,5.0,10.0,5.0,24751.0,12375.5,24750.0,12374.5,15.0,2.0,7.5,2.5,10.0,0.0,0.0,0.0,0.0,0.0,15.0,2.0,7.5,2.5,10.0,0.0,0.0,0.0,0.0,0.0,0.0,0.0,0.0,0.0,0.0,0.0,0.0,0.0,0.0,0.0
115610,6003.0,6002.0,2018-08-26,103.0,6.0,0.0,22095.0,nubia,406517.406517p0,1080.0,1920.0,android,9,237.0,140.0,1.0,3.0,6.0,72.0,3.0,6.0,28.0,45.0,0.0,0.0,0.0,0.0,1.0,0.0,0.0,0.0,0.0,0.0,0.0,0.0,0.0,0.0,0.0,0.0,0.0,0.0,0.0,0.0,0.0,0.0,0.0,0.0,0.0,0.0,0.0,0.0,0.0,0.0,0.0,0.0,0.0,0.0,0.0,0.0,0.0,0.0,0.0,0.0,0.0,0.0,0.0,8110021.0,0.0,0.0,0.0,0.0,0.0,0.0,0.0,0.0,0.0,0.0,0.0,0.0,0.0,0.0,0.0,0.0,0.0,0.0,0.0,0.0,0.0,0.0,0.0,0.0,0.0,0.0,0.0,0.0,0.0,0.0,0.0,770.0,30.0,0.0,0.0,0.0,8025.0,0.0,0.0,0.0,0.0,0.0,0.0,0.0,0.0,0.0,0.0,0.0,0.0,0.0,0.0,0.0,0.0,0.0,0.0,0.0,0.0,0.0,0.0,0.0,0.0,0.0,0.0,0.0,0.0,0.0,0.0,0.0,0.0,0.0,0.0,0.0,0.0,0.0,0.0,0.0,0.0,0.0,0.0,0.0,0.0,0.0,0.0,0.0,0.0,0.0,0.0,0.0,0.0,0.0,0.0,0.0,0.0,0.0,0.0,0.0,0.0,0.0,0.0,0.0,0.0,0.0,0.0,0.0,0.0,0.0
94792,6033.0,6033.0,2019-11-25,43.0,0.0,0.0,7126.0,oppo,406517.406517p0,1080.0,2196.0,android,8.1.0,2100.0,727.0,3.0,27.0,46.0,46.0,4.0,6.0,6.0,22.0,0.0,0.0,0.0,0.0,1.0,0.0,0.0,0.0,0.0,16.0,197.0,12.0,0.0,4.0,0.0,0.0,0.0,0.0,0.0,0.0,0.0,0.0,0.0,0.0,0.0,0.0,0.0,0.0,0.0,0.0,0.0,0.0,0.0,0.0,0.0,0.0,0.0,0.0,0.0,0.0,0.0,0.0,0.0,8110002.0,0.0,1.0,0.0,0.0,0.0,0.0,0.0,0.0,0.0,0.0,0.0,0.0,0.0,0.0,0.0,0.0,0.0,0.0,0.0,0.0,0.0,0.0,0.0,0.0,0.0,0.0,0.0,0.0,0.0,0.0,0.0,6.0,6.0,0.0,0.0,0.0,119751.0,0.0,0.0,0.0,0.0,0.0,0.0,0.0,0.0,0.0,0.0,0.0,0.0,0.0,0.0,0.0,0.0,0.0,0.0,0.0,0.0,0.0,0.0,0.0,0.0,0.0,0.0,0.0,0.0,0.0,0.0,1.0,20.0,20.0,20.0,0.0,1.0,1.0,1.0,0.0,20.0,1.0,20.0,0.0,20.0,0.0,0.0,0.0,0.0,0.0,20.0,1.0,20.0,0.0,20.0,0.0,0.0,0.0,0.0,0.0,0.0,0.0,0.0,0.0,0.0,0.0,0.0,0.0,0.0,0.0
223706,1032.0,1032.0,2019-06-08,99.0,5.0,0.0,22929.0,app_store,406517.406517p0,1125.0,2436.0,ios,13.00,0.0,0.0,0.0,1.0,6.0,100.0,1.0,2.0,22.0,41.0,0.0,0.0,0.0,0.0,1.0,0.0,0.0,0.0,0.0,0.0,0.0,0.0,0.0,0.0,0.0,0.0,0.0,0.0,0.0,0.0,0.0,0.0,0.0,0.0,0.0,0.0,0.0,0.0,0.0,0.0,0.0,0.0,0.0,0.0,0.0,0.0,0.0,0.0,0.0,0.0,0.0,0.0,0.0,8110007.0,0.0,0.0,0.0,0.0,0.0,0.0,0.0,0.0,0.0,0.0,0.0,0.0,0.0,0.0,0.0,0.0,0.0,0.0,0.0,0.0,0.0,0.0,0.0,0.0,0.0,0.0,0.0,0.0,0.0,0.0,0.0,412.0,0.0,0.0,0.0,0.0,0.0,0.0,0.0,0.0,0.0,0.0,0.0,0.0,0.0,0.0,0.0,0.0,0.0,0.0,0.0,0.0,0.0,0.0,0.0,0.0,0.0,0.0,0.0,0.0,0.0,0.0,0.0,0.0,0.0,0.0,0.0,0.0,0.0,0.0,0.0,0.0,0.0,0.0,0.0,0.0,0.0,0.0,0.0,0.0,0.0,0.0,0.0,0.0,0.0,0.0,0.0,0.0,0.0,0.0,0.0,0.0,0.0,0.0,0.0,0.0,0.0,0.0,0.0,0.0,0.0,0.0,0.0,0.0,0.0,0.0
8053,1004.0,1004.0,2018-08-16,160.0,0.0,0.0,52177.0,app_store,406517.406517p0,1125.0,2001.0,ios,13.20,8876.0,835.0,19.0,57.0,140.0,601.0,4.0,8.0,31.0,38.0,0.0,0.0,0.0,0.0,1.0,0.0,0.0,0.0,0.0,25.0,395.0,11.0,4.0,3.0,0.0,0.0,0.0,0.0,0.0,0.0,0.0,0.0,3.0,0.0,3.0,0.0,0.0,5.0,2.0,1.0,0.0,0.0,0.0,0.0,0.0,0.0,0.0,0.0,0.0,0.0,1.0,4.0,0.0,8110011.0,1.0,1.0,0.0,0.0,0.0,0.0,0.0,0.0,0.0,0.0,0.6666667,0.0,1.0,0.0,0.0,1.0,1.0,1.0,0.0,0.0,0.0,0.0,0.0,0.0,0.0,0.0,0.0,0.0,0.0,0.0,0.0,6.0,0.0,0.0,0.0,0.0,1425367.0,0.0,0.0,0.0,0.0,0.0,0.0,0.0,0.0,0.0,0.0,0.0,0.0,0.0,0.0,0.0,75.0,2.0,37.5,12.5,50.0,0.0,0.0,0.0,0.0,0.0,75.0,2.0,37.5,12.5,50.0,0.0,0.0,0.0,0.0,0.0,0.0,0.0,0.0,0.0,0.0,0.0,0.0,0.0,0.0,0.0,0.0,0.0,0.0,0.0,0.0,0.0,0.0,0.0,0.0,0.0,0.0,0.0,0.0,0.0,0.0,0.0,0.0,0.0,0.0,0.0,0.0,0.0,0.0,0.0
9646,6006.0,6006.0,2018-09-01,88.0,2.0,0.0,14630.0,oppo,406517.406517p0,1080.0,2340.0,android,8.1.0,0.0,0.0,0.0,1.0,8.0,59.0,1.0,4.0,26.0,4.0,0.0,0.0,0.0,0.0,1.0,0.0,0.0,0.0,0.0,0.0,0.0,0.0,0.0,0.0,0.0,0.0,0.0,0.0,0.0,0.0,0.0,0.0,0.0,0.0,0.0,0.0,0.0,0.0,0.0,0.0,0.0,0.0,0.0,0.0,0.0,0.0,0.0,0.0,0.0,0.0,0.0,0.0,0.0,8110009.0,0.0,0.0,0.0,0.0,0.0,0.0,0.0,0.0,0.0,0.0,0.0,0.0,0.0,0.0,0.0,0.0,0.0,0.0,0.0,0.0,0.0,0.0,0.0,0.0,0.0,0.0,0.0,0.0,0.0,0.0,0.0,36.0,0.0,0.0,0.0,0.0,0.0,0.0,0.0,0.0,0.0,0.0,0.0,0.0,0.0,0.0,0.0,0.0,0.0,0.0,0.0,0.0,0.0,0.0,0.0,0.0,0.0,0.0,0.0,0.0,0.0,0.0,0.0,0.0,0.0,0.0,0.0,0.0,0.0,0.0,0.0,0.0,0.0,0.0,0.0,0.0,0.0,0.0,0.0,0.0,0.0,0.0,0.0,0.0,0.0,0.0,0.0,0.0,0.0,0.0,0.0,0.0,0.0,0.0,0.0,0.0,0.0,0.0,0.0,0.0,0.0,0.0,0.0,0.0,0.0,0.0
99208,6028.0,6028.0,2019-08-07,38.0,0.0,0.0,4799.0,oppo,406517.406517p0,1080.0,2340.0,android,8.1.0,1621.0,316.0,2.0,2.0,9.0,9.0,1.0,4.0,4.0,1.0,0.0,0.0,0.0,0.0,0.0,0.0,0.0,0.0,0.0,6.0,70.0,4.0,1.0,2.0,0.0,0.0,0.0,0.0,0.0,0.0,0.0,0.0,0.0,0.0,0.0,0.0,0.0,0.0,0.0,0.0,0.0,0.0,0.0,0.0,1.0,0.0,0.0,0.0,0.0,0.0,0.0,0.0,0.0,8110002.0,1.0,1.0,0.0,0.0,0.0,0.0,0.0,0.0,0.0,0.0,0.0,0.0,0.0,0.0,0.0,0.0,0.0,0.0,0.0,0.0,0.0,0.0,0.0,0.0,0.0,0.0,0.0,0.0,0.0,0.0,0.0,0.0,0.0,0.0,0.0,0.0,69881.0,0.0,0.0,0.0,0.0,0.0,0.0,0.0,0.0,0.0,0.0,0.0,0.0,0.0,0.0,0.0,10.0,1.0,10.0,0.0,10.0,0.0,0.0,0.0,0.0,0.0,10.0,1.0,10.0,0.0,10.0,0.0,0.0,0.0,0.0,0.0,0.0,0.0,0.0,0.0,0.0,0.0,0.0,0.0,0.0,0.0,0.0,0.0,0.0,0.0,0.0,0.0,0.0,0.0,0.0,0.0,0.0,0.0,0.0,0.0,0.0,0.0,0.0,0.0,0.0,0.0,0.0,0.0,0.0,0.0
228170,6000.0,6000.0,2019-10-26,66.0,3.0,50.0,9725.0,huawei,406517.406517p0,1080.0,2140.0,android,9,10313.0,1351.0,21.0,101.0,167.0,291.0,4.0,8.0,19.0,36.0,0.0,1.0,0.0,0.0,0.0,0.0,0.0,0.0,0.0,29.0,506.0,18.0,0.0,26.0,0.0,0.0,0.0,0.0,0.0,0.0,2.0,0.0,0.0,0.0,6.0,0.0,0.0,0.0,2.0,0.0,0.0,0.0,2.0,2.0,0.0,0.0,0.0,0.0,0.0,0.0,1.0,1.0,0.0,8110009.0,0.0,0.15384616,0.0,0.0,0.0,0.0,0.0,0.0,1.0,0.0,0.0,0.0,1.0,0.0,0.0,0.0,1.0,0.0,0.0,0.0,1.0,0.0,0.0,0.0,0.0,0.0,0.0,0.0,1.0,1.0,0.0,72.0,72.0,1.0,0.0,6.0,454409.0,60.0,1.0,60.0,0.0,60.0,60.0,1.0,60.0,0.0,60.0,0.0,0.0,0.0,0.0,0.0,419.0,7.0,59.857143,65.061356,200.0,0.0,0.0,0.0,0.0,0.0,419.0,7.0,59.857143,65.061356,200.0,7.0,240.0,34.285713,60.0,18.979044,31527.0,4503.857,31500.0,11021.13,225.0,6.0,37.5,17.969883,60.0,60.0,2.0,10.0,15.275252,40.0,165.0,5.0,27.5,20.966242,60.0,126.0,1.0,126.0,0.0,126.0,0.0,0.0,0.0,0.0,0.0,126.0,1.0,126.0,0.0,126.0
222016,1038.0,1038.0,2019-10-15,76.0,0.0,0.0,11775.0,app_store,406517.406517p0,750.0,1334.0,ios,12.10,3302.0,408.0,4.0,24.0,45.0,297.0,4.0,8.0,31.0,58.0,1.0,1.0,0.0,0.0,0.0,0.0,0.0,0.0,0.0,17.0,233.0,11.0,0.0,4.0,0.0,0.0,0.0,0.0,0.0,0.0,0.0,0.0,0.0,0.0,3.0,0.0,0.0,0.0,3.0,0.0,0.0,0.0,2.0,0.0,0.0,0.0,0.0,0.0,0.0,0.0,0.0,0.0,0.0,8110020.0,0.0,0.25,0.0,0.0,0.0,0.0,0.0,0.0,0.0,0.0,0.0,0.0,1.0,0.0,0.0,0.0,1.0,0.0,0.0,0.0,1.0,0.0,0.0,0.0,0.0,0.0,0.0,0.0,0.0,0.0,0.0,6.0,0.0,0.0,0.0,0.0,305407.0,0.0,0.0,0.0,0.0,0.0,0.0,0.0,0.0,0.0,0.0,0.0,0.0,0.0,0.0,0.0,0.0,0.0,0.0,0.0,0.0,0.0,0.0,0.0,0.0,0.0,0.0,0.0,0.0,0.0,0.0,0.0,0.0,0.0,0.0,0.0,0.0,0.0,0.0,0.0,0.0,0.0,0.0,0.0,0.0,0.0,0.0,0.0,0.0,0.0,0.0,0.0,0.0,0.0,0.0,60.0,1.0,60.0,0.0,60.0,0.0,0.0,0.0,0.0,0.0,60.0,1.0,60.0,0.0,60.0
250669,4010.0,1008.0,2018-09-01,95.0,2.0,0.0,18116.0,baidu_sem_dev,406517.406517p0,1080.0,2259.0,android,9,0.0,0.0,0.0,5.0,17.0,141.0,2.0,6.0,28.0,57.0,0.0,0.0,0.0,0.0,0.0,0.0,0.0,0.0,0.0,0.0,0.0,0.0,0.0,0.0,0.0,0.0,0.0,0.0,0.0,0.0,0.0,0.0,0.0,0.0,0.0,0.0,0.0,0.0,0.0,0.0,0.0,0.0,0.0,0.0,0.0,0.0,0.0,0.0,0.0,0.0,0.0,0.0,0.0,8110011.0,0.0,0.0,0.0,0.0,0.0,0.0,0.0,0.0,0.0,0.0,0.0,0.0,0.0,0.0,0.0,0.0,0.0,0.0,0.0,0.0,0.0,0.0,0.0,0.0,0.0,0.0,0.0,0.0,0.0,0.0,0.0,36.0,0.0,0.0,0.0,0.0,0.0,0.0,0.0,0.0,0.0,0.0,0.0,0.0,0.0,0.0,0.0,0.0,0.0,0.0,0.0,0.0,0.0,0.0,0.0,0.0,0.0,0.0,0.0,0.0,0.0,0.0,0.0,0.0,0.0,0.0,0.0,0.0,0.0,0.0,0.0,0.0,0.0,0.0,0.0,0.0,0.0,0.0,0.0,0.0,0.0,0.0,0.0,0.0,0.0,0.0,0.0,0.0,0.0,0.0,0.0,0.0,0.0,0.0,0.0,0.0,0.0,0.0,0.0,0.0,0.0,0.0,0.0,0.0,0.0,0.0
116532,6030.0,6030.0,2019-10-08,74.0,2.0,0.0,9119.0,huawei,406517.406517p0,1080.0,2138.0,android,9,10623.0,1221.0,9.0,20.0,46.0,135.0,4.0,8.0,29.0,25.0,1.0,2.0,0.0,0.0,1.0,0.0,0.0,0.0,0.0,29.0,395.0,10.0,2.0,13.0,0.0,0.0,0.0,0.0,0.0,0.0,1.0,0.0,1.0,0.0,3.0,0.0,0.0,1.0,2.0,1.0,0.0,0.0,5.0,0.0,0.0,0.0,0.0,0.0,0.0,0.0,2.0,2.0,0.0,8110021.0,0.0,1.0,0.0,0.0,0.0,0.0,0.0,0.0,1.0,0.0,1.0,0.0,1.0,0.0,0.0,1.0,1.0,1.0,0.0,0.0,0.6,0.0,0.0,0.0,0.0,0.0,0.0,0.0,0.0,0.0,0.0,30.0,0.0,0.0,0.0,0.0,252120.0,0.0,0.0,0.0,0.0,0.0,0.0,0.0,0.0,0.0,0.0,0.0,0.0,0.0,0.0,0.0,25.0,1.0,25.0,0.0,25.0,0.0,0.0,0.0,0.0,0.0,25.0,1.0,25.0,0.0,25.0,0.0,0.0,0.0,0.0,0.0,0.0,0.0,0.0,0.0,0.0,0.0,0.0,0.0,0.0,0.0,0.0,0.0,0.0,0.0,0.0,0.0,0.0,0.0,0.0,0.0,0.0,0.0,0.0,0.0,0.0,0.0,0.0,0.0,0.0,0.0,0.0,0.0,0.0,0.0
223465,1040.0,1040.0,2019-11-16,48.0,4.0,0.0,7413.0,app_store,406517.406517p0,1125.0,2436.0,ios,12.40,5018.0,1886.0,20.0,55.0,120.0,158.0,4.0,8.0,10.0,5.0,0.0,0.0,0.0,0.0,1.0,0.0,0.0,0.0,0.0,34.0,500.0,18.0,1.0,8.0,11.0,0.0,0.0,0.0,0.0,0.0,0.0,0.0,0.0,0.0,0.0,0.0,0.0,0.0,2.0,1.0,0.0,0.0,5.0,0.0,0.0,0.0,0.0,0.0,0.0,0.0,0.0,0.0,0.0,8110004.0,1.0,0.875,0.54545456,0.0,0.0,0.0,0.0,0.0,0.0,0.0,0.0,0.0,0.0,0.0,0.0,0.0,1.0,0.0,0.0,0.0,0.6,0.0,0.0,0.0,0.0,0.0,0.0,0.0,0.0,0.0,0.0,128.0,128.0,0.0,0.0,0.0,408738.0,0.0,0.0,0.0,0.0,0.0,0.0,0.0,0.0,0.0,0.0,0.0,0.0,0.0,0.0,0.0,0.0,0.0,0.0,0.0,0.0,0.0,0.0,0.0,0.0,0.0,0.0,0.0,0.0,0.0,0.0,4.0,135.0,33.75,50.0,9.601432,31.0,7.75,10.0,3.8971143,105.0,3.0,35.0,10.801234,50.0,0.0,0.0,0.0,0.0,0.0,105.0,3.0,35.0,10.801234,50.0,0.0,0.0,0.0,0.0,0.0,0.0,0.0,0.0,0.0,0.0,0.0,0.0,0.0,0.0,0.0
229180,6032.0,6032.0,2019-11-01,34.0,0.0,0.0,4426.0,flyme,406517.406517p0,1080.0,2136.0,android,9,0.0,0.0,0.0,2.0,14.0,60.0,1.0,5.0,14.0,0.0,0.0,0.0,0.0,0.0,0.0,0.0,0.0,0.0,0.0,0.0,0.0,0.0,0.0,0.0,0.0,0.0,0.0,0.0,0.0,0.0,0.0,0.0,0.0,0.0,0.0,0.0,0.0,0.0,0.0,0.0,0.0,0.0,0.0,0.0,0.0,0.0,0.0,0.0,0.0,0.0,0.0,0.0,0.0,8110000.0,0.0,0.0,0.0,0.0,0.0,0.0,0.0,0.0,0.0,0.0,0.0,0.0,0.0,0.0,0.0,0.0,0.0,0.0,0.0,0.0,0.0,0.0,0.0,0.0,0.0,0.0,0.0,0.0,0.0,0.0,0.0,6.0,6.0,0.0,0.0,0.0,0.0,0.0,0.0,0.0,0.0,0.0,0.0,0.0,0.0,0.0,0.0,0.0,0.0,0.0,0.0,0.0,0.0,0.0,0.0,0.0,0.0,0.0,0.0,0.0,0.0,0.0,0.0,0.0,0.0,0.0,0.0,0.0,0.0,0.0,0.0,0.0,0.0,0.0,0.0,0.0,0.0,0.0,0.0,0.0,0.0,0.0,0.0,0.0,0.0,0.0,0.0,0.0,0.0,0.0,0.0,0.0,0.0,0.0,0.0,0.0,0.0,0.0,0.0,0.0,0.0,0.0,0.0,0.0,0.0,0.0
314403,6000.0,6000.0,2019-03-09,128.0,3.0,0.0,40023.0,fanyou,406517.406517p0,1080.0,2198.0,android,9,6953.0,710.0,14.0,52.0,87.0,406.0,4.0,8.0,31.0,64.0,0.0,0.0,0.0,0.0,1.0,0.0,0.0,0.0,0.0,12.0,305.0,5.0,5.0,2.0,0.0,0.0,0.0,0.0,0.0,0.0,2.0,0.0,0.0,0.0,2.0,0.0,5.0,2.0,2.0,1.0,0.0,3.0,0.0,0.0,0.0,0.0,0.0,0.0,0.0,0.0,1.0,0.0,0.0,8110022.0,0.8,0.5,0.0,0.0,0.0,0.0,0.0,0.0,1.0,0.0,0.0,0.0,1.0,0.0,0.4,1.0,1.0,1.0,0.0,0.33333334,0.0,0.0,0.0,0.0,0.0,0.0,0.0,0.0,0.0,0.0,0.0,95.0,0.0,0.0,0.0,0.0,626692.0,0.0,0.0,0.0,0.0,0.0,0.0,0.0,0.0,0.0,0.0,0.0,0.0,0.0,0.0,0.0,25.0,1.0,25.0,0.0,25.0,0.0,0.0,0.0,0.0,0.0,25.0,1.0,25.0,0.0,25.0,0.0,0.0,0.0,0.0,0.0,0.0,0.0,0.0,0.0,0.0,0.0,0.0,0.0,0.0,0.0,0.0,0.0,0.0,0.0,0.0,0.0,0.0,0.0,0.0,0.0,0.0,0.0,0.0,0.0,0.0,0.0,0.0,0.0,0.0,0.0,0.0,0.0,0.0,0.0
247193,6014.0,6012.0,2018-11-29,160.0,10.0,27.0,46929.0,huawei,406517.406517p0,1080.0,2160.0,android,9,10141.0,1103.0,11.0,51.0,96.0,360.0,4.0,8.0,31.0,51.0,0.0,0.0,0.0,0.0,1.0,0.0,0.0,0.0,0.0,27.0,538.0,3.0,6.0,36.0,0.0,0.0,0.0,0.0,1.0,0.0,2.0,3.0,0.0,0.0,2.0,0.0,0.0,0.0,3.0,1.0,0.0,0.0,10.0,0.0,0.0,1.0,0.0,0.0,0.0,0.0,1.0,6.0,0.0,8110025.0,0.5,0.3888889,0.0,0.0,0.0,0.0,0.0,0.0,1.0,1.0,0.0,0.0,1.0,0.0,0.0,0.0,0.6666667,1.0,0.0,0.0,0.9,0.0,0.0,0.0,0.0,0.0,0.0,0.0,1.0,0.0,0.0,10656.0,0.0,0.0,0.0,0.0,655769.0,0.0,0.0,0.0,0.0,0.0,0.0,0.0,0.0,0.0,0.0,0.0,0.0,0.0,0.0,0.0,85.0,2.0,42.5,17.5,60.0,0.0,0.0,0.0,0.0,0.0,85.0,2.0,42.5,17.5,60.0,1.0,25.0,25.0,25.0,0.0,1.0,1.0,1.0,0.0,25.0,1.0,25.0,0.0,25.0,0.0,0.0,0.0,0.0,0.0,25.0,1.0,25.0,0.0,25.0,0.0,0.0,0.0,0.0,0.0,0.0,0.0,0.0,0.0,0.0,0.0,0.0,0.0,0.0,0.0
282531,4004.0,1002.0,2018-08-26,141.0,6.0,0.0,36920.0,netease.taptap_cps_dev,406517.406517p0,1080.0,2220.0,android,9,213.0,395.0,1.0,4.0,8.0,32.0,4.0,8.0,26.0,7.0,0.0,0.0,0.0,0.0,0.0,0.0,0.0,0.0,0.0,4.0,200.0,1.0,0.0,0.0,0.0,0.0,0.0,0.0,0.0,0.0,0.0,0.0,0.0,0.0,0.0,0.0,0.0,0.0,0.0,0.0,0.0,0.0,0.0,0.0,0.0,0.0,0.0,0.0,0.0,0.0,0.0,0.0,0.0,8110006.0,0.0,0.0,0.0,0.0,0.0,0.0,0.0,0.0,0.0,0.0,0.0,0.0,0.0,0.0,0.0,0.0,0.0,0.0,0.0,0.0,0.0,0.0,0.0,0.0,0.0,0.0,0.0,0.0,0.0,0.0,0.0,604.0,0.0,0.0,0.0,0.0,75973.0,0.0,0.0,0.0,0.0,0.0,0.0,0.0,0.0,0.0,0.0,0.0,0.0,0.0,0.0,0.0,0.0,0.0,0.0,0.0,0.0,0.0,0.0,0.0,0.0,0.0,0.0,0.0,0.0,0.0,0.0,0.0,0.0,0.0,0.0,0.0,0.0,0.0,0.0,0.0,0.0,0.0,0.0,0.0,0.0,0.0,0.0,0.0,0.0,0.0,0.0,0.0,0.0,0.0,0.0,0.0,0.0,0.0,0.0,0.0,0.0,0.0,0.0,0.0,0.0,0.0,0.0,0.0,0.0,0.0
58383,1029.0,1028.0,2019-05-10,85.0,6.0,0.0,17067.0,app_store,406517.406517p0,1536.0,2048.0,ios,13.10,0.0,0.0,0.0,0.0,0.0,3.0,0.0,0.0,2.0,38.0,0.0,0.0,0.0,0.0,1.0,0.0,0.0,0.0,0.0,0.0,0.0,0.0,0.0,0.0,0.0,0.0,0.0,0.0,0.0,0.0,0.0,0.0,0.0,0.0,0.0,0.0,0.0,0.0,0.0,0.0,0.0,0.0,0.0,0.0,0.0,0.0,0.0,0.0,0.0,0.0,0.0,0.0,0.0,8110009.0,0.0,0.0,0.0,0.0,0.0,0.0,0.0,0.0,0.0,0.0,0.0,0.0,0.0,0.0,0.0,0.0,0.0,0.0,0.0,0.0,0.0,0.0,0.0,0.0,0.0,0.0,0.0,0.0,0.0,0.0,0.0,986.0,0.0,0.0,0.0,0.0,0.0,0.0,0.0,0.0,0.0,0.0,0.0,0.0,0.0,0.0,0.0,0.0,0.0,0.0,0.0,0.0,0.0,0.0,0.0,0.0,0.0,0.0,0.0,0.0,0.0,0.0,0.0,0.0,0.0,0.0,0.0,0.0,0.0,0.0,0.0,0.0,0.0,0.0,0.0,0.0,0.0,0.0,0.0,0.0,0.0,0.0,0.0,0.0,0.0,0.0,0.0,0.0,0.0,0.0,0.0,0.0,0.0,0.0,0.0,0.0,0.0,0.0,0.0,0.0,0.0,0.0,0.0,0.0,0.0,0.0
299958,6032.0,6032.0,2019-11-11,69.0,5.0,0.0,13780.0,fanyou,406517.406517p0,1080.0,1801.0,android,8.0.0,18905.0,2064.0,22.0,78.0,162.0,336.0,4.0,8.0,16.0,28.0,0.0,0.0,0.0,0.0,0.0,0.0,0.0,0.0,0.0,27.0,465.0,10.0,6.0,13.0,0.0,0.0,0.0,0.0,0.0,0.0,2.0,0.0,0.0,0.0,4.0,0.0,6.0,6.0,2.0,1.0,0.0,0.0,0.0,0.0,0.0,0.0,0.0,0.0,0.0,0.0,1.0,0.0,0.0,8110008.0,0.5,0.46153846,0.0,0.0,0.0,0.0,0.0,0.0,1.0,0.0,0.0,0.0,1.0,0.0,0.16666667,0.8333333,1.0,0.0,0.0,0.0,0.0,0.0,0.0,0.0,0.0,0.0,0.0,0.0,0.0,0.0,0.0,415.0,415.0,0.0,0.0,0.0,394887.0,0.0,0.0,0.0,0.0,0.0,0.0,0.0,0.0,0.0,0.0,0.0,0.0,0.0,0.0,0.0,30.0,2.0,15.0,10.0,25.0,0.0,0.0,0.0,0.0,0.0,30.0,2.0,15.0,10.0,25.0,4.0,90.0,22.5,40.0,14.361406,32403.0,8100.75,32400.0,14029.179,70.0,3.0,23.333334,14.337209,40.0,0.0,0.0,0.0,0.0,0.0,70.0,3.0,23.333334,14.337209,40.0,48.0,1.0,48.0,0.0,48.0,0.0,0.0,0.0,0.0,0.0,48.0,1.0,48.0,0.0,48.0
280261,6007.0,6006.0,2018-09-09,109.0,5.0,0.0,25170.0,xiaomi_app,406517.406517p0,1080.0,2141.0,android,9,0.0,0.0,0.0,0.0,0.0,1.0,0.0,0.0,1.0,62.0,0.0,0.0,0.0,0.0,0.0,0.0,0.0,0.0,0.0,0.0,0.0,0.0,0.0,0.0,0.0,0.0,0.0,0.0,0.0,0.0,0.0,0.0,0.0,0.0,0.0,0.0,0.0,0.0,0.0,0.0,0.0,0.0,0.0,0.0,0.0,0.0,0.0,0.0,0.0,0.0,0.0,0.0,0.0,8110000.0,0.0,0.0,0.0,0.0,0.0,0.0,0.0,0.0,0.0,0.0,0.0,0.0,0.0,0.0,0.0,0.0,0.0,0.0,0.0,0.0,0.0,0.0,0.0,0.0,0.0,0.0,0.0,0.0,0.0,0.0,0.0,282.0,0.0,0.0,0.0,0.0,0.0,0.0,0.0,0.0,0.0,0.0,0.0,0.0,0.0,0.0,0.0,0.0,0.0,0.0,0.0,0.0,0.0,0.0,0.0,0.0,0.0,0.0,0.0,0.0,0.0,0.0,0.0,0.0,0.0,0.0,0.0,0.0,0.0,0.0,0.0,0.0,0.0,0.0,0.0,0.0,0.0,0.0,0.0,0.0,0.0,0.0,0.0,0.0,0.0,0.0,0.0,0.0,0.0,0.0,0.0,0.0,0.0,0.0,0.0,0.0,0.0,0.0,0.0,0.0,0.0,0.0,0.0,0.0,0.0,0.0
120680,1032.0,1032.0,2019-06-06,73.0,3.0,0.0,10930.0,app_store,406517.406517p0,1125.0,2436.0,ios,12.10,0.0,0.0,0.0,0.0,0.0,17.0,0.0,0.0,8.0,41.0,0.0,0.0,0.0,0.0,0.0,0.0,0.0,0.0,0.0,0.0,0.0,0.0,0.0,0.0,0.0,0.0,0.0,0.0,0.0,0.0,0.0,0.0,0.0,0.0,0.0,0.0,0.0,0.0,0.0,0.0,0.0,0.0,0.0,0.0,0.0,0.0,0.0,0.0,0.0,0.0,0.0,0.0,0.0,8110021.0,0.0,0.0,0.0,0.0,0.0,0.0,0.0,0.0,0.0,0.0,0.0,0.0,0.0,0.0,0.0,0.0,0.0,0.0,0.0,0.0,0.0,0.0,0.0,0.0,0.0,0.0,0.0,0.0,0.0,0.0,0.0,72.0,0.0,0.0,0.0,0.0,0.0,0.0,0.0,0.0,0.0,0.0,0.0,0.0,0.0,0.0,0.0,0.0,0.0,0.0,0.0,0.0,0.0,0.0,0.0,0.0,0.0,0.0,0.0,0.0,0.0,0.0,0.0,0.0,0.0,0.0,0.0,0.0,0.0,0.0,0.0,0.0,0.0,0.0,0.0,0.0,0.0,0.0,0.0,0.0,0.0,0.0,0.0,0.0,0.0,0.0,0.0,0.0,0.0,0.0,0.0,0.0,0.0,0.0,0.0,0.0,0.0,0.0,0.0,0.0,0.0,0.0,0.0,0.0,0.0,0.0
236343,6027.0,6026.0,2019-07-27,44.0,0.0,0.0,6438.0,oppo,406517.406517p0,1080.0,2340.0,android,9,340.0,40.0,2.0,2.0,2.0,6.0,1.0,1.0,5.0,9.0,0.0,0.0,0.0,0.0,0.0,0.0,0.0,0.0,0.0,0.0,0.0,0.0,0.0,0.0,0.0,0.0,0.0,0.0,0.0,0.0,0.0,0.0,0.0,0.0,0.0,0.0,0.0,0.0,0.0,0.0,0.0,0.0,0.0,0.0,0.0,0.0,0.0,0.0,0.0,0.0,0.0,0.0,0.0,8110000.0,0.0,0.0,0.0,0.0,0.0,0.0,0.0,0.0,0.0,0.0,0.0,0.0,0.0,0.0,0.0,0.0,0.0,0.0,0.0,0.0,0.0,0.0,0.0,0.0,0.0,0.0,0.0,0.0,0.0,0.0,0.0,0.0,0.0,0.0,0.0,0.0,20200.0,0.0,0.0,0.0,0.0,0.0,0.0,0.0,0.0,0.0,0.0,0.0,0.0,0.0,0.0,0.0,60.0,2.0,30.0,10.0,40.0,0.0,0.0,0.0,0.0,0.0,60.0,2.0,30.0,10.0,40.0,0.0,0.0,0.0,0.0,0.0,0.0,0.0,0.0,0.0,0.0,0.0,0.0,0.0,0.0,0.0,0.0,0.0,0.0,0.0,0.0,0.0,0.0,0.0,0.0,0.0,0.0,0.0,0.0,0.0,0.0,0.0,0.0,0.0,0.0,0.0,0.0,0.0,0.0,0.0
10752,6006.0,6006.0,2018-09-02,122.0,0.0,0.0,29482.0,oppo,406517.406517p0,1080.0,2280.0,android,8.1.0,10444.0,564.0,10.0,26.0,34.0,37.0,4.0,8.0,9.0,64.0,0.0,0.0,0.0,0.0,1.0,0.0,0.0,0.0,0.0,17.0,240.0,4.0,0.0,14.0,4.0,0.0,0.0,0.0,0.0,0.0,0.0,0.0,0.0,2.0,0.0,0.0,0.0,0.0,2.0,0.0,0.0,0.0,2.0,0.0,12.0,0.0,0.0,0.0,2.0,0.0,0.0,0.0,0.0,8110011.0,0.0,0.78571427,0.0,0.0,0.0,0.0,0.0,0.0,0.0,0.0,0.0,1.0,0.0,0.0,0.0,0.0,1.0,0.0,0.0,0.0,1.0,0.0,0.16666667,0.0,0.0,0.0,1.0,0.0,0.0,0.0,0.0,0.0,0.0,0.0,0.0,0.0,194256.0,0.0,0.0,0.0,0.0,0.0,0.0,0.0,0.0,0.0,0.0,0.0,0.0,0.0,0.0,0.0,170.0,1.0,170.0,0.0,170.0,0.0,0.0,0.0,0.0,0.0,170.0,1.0,170.0,0.0,170.0,0.0,0.0,0.0,0.0,0.0,0.0,0.0,0.0,0.0,0.0,0.0,0.0,0.0,0.0,0.0,0.0,0.0,0.0,0.0,0.0,0.0,0.0,0.0,0.0,0.0,0.0,0.0,0.0,0.0,0.0,0.0,0.0,0.0,0.0,0.0,0.0,0.0,0.0,0.0
43144,1036.0,1034.0,2019-09-19,35.0,0.0,0.0,5446.0,netease.hykbr_cps_dev,406517.406517p0,1080.0,2224.0,android,9,0.0,0.0,0.0,1.0,3.0,39.0,1.0,3.0,15.0,34.0,0.0,0.0,0.0,0.0,0.0,0.0,0.0,0.0,0.0,0.0,0.0,0.0,0.0,0.0,0.0,0.0,0.0,0.0,0.0,0.0,0.0,0.0,0.0,0.0,0.0,0.0,0.0,0.0,0.0,0.0,0.0,0.0,0.0,0.0,0.0,0.0,0.0,0.0,0.0,0.0,0.0,0.0,0.0,8110005.0,0.0,0.0,0.0,0.0,0.0,0.0,0.0,0.0,0.0,0.0,0.0,0.0,0.0,0.0,0.0,0.0,0.0,0.0,0.0,0.0,0.0,0.0,0.0,0.0,0.0,0.0,0.0,0.0,0.0,0.0,0.0,0.0,0.0,0.0,0.0,0.0,0.0,0.0,0.0,0.0,0.0,0.0,0.0,0.0,0.0,0.0,0.0,0.0,0.0,0.0,0.0,0.0,0.0,0.0,0.0,0.0,0.0,0.0,0.0,0.0,0.0,0.0,0.0,0.0,0.0,0.0,0.0,0.0,0.0,0.0,0.0,0.0,0.0,0.0,0.0,0.0,0.0,0.0,0.0,0.0,0.0,0.0,0.0,0.0,0.0,0.0,0.0,0.0,0.0,0.0,0.0,0.0,0.0,0.0,0.0,0.0,0.0,0.0,0.0,0.0,0.0,0.0,0.0,0.0,0.0,0.0
150911,6005.0,6004.0,2018-08-22,80.0,7.0,0.0,15715.0,huawei,406517.406517p0,1440.0,2416.0,android,8.0.0,1282.0,150.0,1.0,9.0,58.0,77.0,3.0,7.0,11.0,34.0,0.0,1.0,0.0,0.0,0.0,0.0,0.0,0.0,0.0,5.0,75.0,2.0,1.0,0.0,0.0,0.0,0.0,0.0,0.0,0.0,0.0,0.0,0.0,0.0,0.0,0.0,0.0,0.0,0.0,0.0,0.0,0.0,3.0,0.0,0.0,0.0,0.0,0.0,0.0,0.0,0.0,0.0,0.0,8110003.0,0.0,0.0,0.0,0.0,0.0,0.0,0.0,0.0,0.0,0.0,0.0,0.0,0.0,0.0,0.0,0.0,0.0,0.0,0.0,0.0,1.0,0.0,0.0,0.0,0.0,0.0,0.0,0.0,0.0,0.0,0.0,1289.0,222.0,0.0,0.0,0.0,49101.0,0.0,0.0,0.0,0.0,0.0,0.0,0.0,0.0,0.0,0.0,0.0,0.0,0.0,0.0,0.0,0.0,0.0,0.0,0.0,0.0,0.0,0.0,0.0,0.0,0.0,0.0,0.0,0.0,0.0,0.0,0.0,0.0,0.0,0.0,0.0,0.0,0.0,0.0,0.0,0.0,0.0,0.0,0.0,0.0,0.0,0.0,0.0,0.0,0.0,0.0,0.0,0.0,0.0,0.0,0.0,0.0,0.0,0.0,0.0,0.0,0.0,0.0,0.0,0.0,0.0,0.0,0.0,0.0,0.0
17928,1009.0,1008.0,2018-09-07,160.0,9.0,576.0,65510.0,app_store,406517.406517p0,750.0,1334.0,ios,12.30,5604.0,976.0,8.0,52.0,94.0,408.0,4.0,8.0,31.0,23.0,0.0,0.0,0.0,0.0,1.0,0.0,0.0,0.0,0.0,24.0,346.0,5.0,2.0,4.0,0.0,0.0,0.0,0.0,0.0,0.0,2.0,0.0,0.0,0.0,2.0,0.0,5.0,8.0,2.0,1.0,0.0,0.0,1.0,0.0,0.0,0.0,0.0,0.0,0.0,0.0,1.0,6.0,0.0,8110013.0,1.0,1.0,0.0,0.0,0.0,0.0,0.0,0.0,1.0,0.0,0.0,0.0,1.0,0.0,0.8,0.5,1.0,1.0,0.0,0.0,1.0,0.0,0.0,0.0,0.0,0.0,0.0,0.0,0.0,0.0,0.0,7164.0,0.0,0.0,0.0,0.0,1049483.0,0.0,0.0,0.0,0.0,0.0,0.0,0.0,0.0,0.0,0.0,0.0,0.0,0.0,0.0,0.0,95.0,3.0,31.666666,20.949675,60.0,0.0,0.0,0.0,0.0,0.0,95.0,3.0,31.666666,20.949675,60.0,0.0,0.0,0.0,0.0,0.0,0.0,0.0,0.0,0.0,0.0,0.0,0.0,0.0,0.0,0.0,0.0,0.0,0.0,0.0,0.0,0.0,0.0,0.0,0.0,0.0,0.0,0.0,0.0,0.0,0.0,0.0,0.0,0.0,0.0,0.0,0.0,0.0,0.0,0.0
37254,1022.0,1022.0,2019-06-30,40.0,0.0,0.0,7332.0,app_store,406517.406517p0,1125.0,2001.0,ios,12.40,77.0,0.0,1.0,1.0,2.0,14.0,1.0,2.0,11.0,12.0,0.0,0.0,0.0,0.0,0.0,0.0,0.0,0.0,0.0,0.0,0.0,0.0,0.0,0.0,0.0,0.0,0.0,0.0,0.0,0.0,0.0,0.0,0.0,0.0,0.0,0.0,0.0,0.0,0.0,0.0,0.0,0.0,0.0,0.0,0.0,0.0,0.0,0.0,0.0,0.0,0.0,0.0,0.0,8110000.0,0.0,0.0,0.0,0.0,0.0,0.0,0.0,0.0,0.0,0.0,0.0,0.0,0.0,0.0,0.0,0.0,0.0,0.0,0.0,0.0,0.0,0.0,0.0,0.0,0.0,0.0,0.0,0.0,0.0,0.0,0.0,0.0,0.0,0.0,0.0,0.0,50000.0,0.0,0.0,0.0,0.0,0.0,0.0,0.0,0.0,0.0,0.0,0.0,0.0,0.0,0.0,0.0,0.0,0.0,0.0,0.0,0.0,0.0,0.0,0.0,0.0,0.0,0.0,0.0,0.0,0.0,0.0,0.0,0.0,0.0,0.0,0.0,0.0,0.0,0.0,0.0,0.0,0.0,0.0,0.0,0.0,0.0,0.0,0.0,0.0,0.0,0.0,0.0,0.0,0.0,0.0,0.0,0.0,0.0,0.0,0.0,0.0,0.0,0.0,0.0,0.0,0.0,0.0,0.0,0.0,0.0
307409,1037.0,1037.0,2019-10-04,53.0,7.0,0.0,13275.0,app_store,406517.406517p0,828.0,1792.0,ios,13.10,0.0,0.0,0.0,1.0,1.0,4.0,1.0,1.0,3.0,33.0,0.0,0.0,0.0,0.0,0.0,0.0,0.0,0.0,0.0,0.0,0.0,0.0,0.0,0.0,0.0,0.0,0.0,0.0,0.0,0.0,0.0,0.0,0.0,0.0,0.0,0.0,0.0,0.0,0.0,0.0,0.0,0.0,0.0,0.0,0.0,0.0,0.0,0.0,0.0,0.0,0.0,0.0,0.0,8110000.0,0.0,0.0,0.0,0.0,0.0,0.0,0.0,0.0,0.0,0.0,0.0,0.0,0.0,0.0,0.0,0.0,0.0,0.0,0.0,0.0,0.0,0.0,0.0,0.0,0.0,0.0,0.0,0.0,0.0,0.0,0.0,1767.0,0.0,0.0,0.0,0.0,0.0,0.0,0.0,0.0,0.0,0.0,0.0,0.0,0.0,0.0,0.0,0.0,0.0,0.0,0.0,0.0,0.0,0.0,0.0,0.0,0.0,0.0,0.0,0.0,0.0,0.0,0.0,0.0,0.0,0.0,0.0,0.0,0.0,0.0,0.0,0.0,0.0,0.0,0.0,0.0,0.0,0.0,0.0,0.0,0.0,0.0,0.0,0.0,0.0,0.0,0.0,0.0,0.0,0.0,0.0,0.0,0.0,0.0,0.0,0.0,0.0,0.0,0.0,0.0,0.0,0.0,0.0,0.0,0.0,0.0
230721,6020.0,6020.0,2019-11-25,33.0,0.0,0.0,4318.0,xiaomi_app,406517.406517p0,1080.0,2159.0,android,9,14021.0,1811.0,19.0,34.0,34.0,34.0,2.0,2.0,2.0,29.0,19.0,5.0,0.0,0.0,1.0,0.0,0.0,0.0,0.0,24.0,282.0,0.0,2.0,21.0,0.0,0.0,0.0,0.0,0.0,0.0,0.0,0.0,0.0,0.0,3.0,0.0,1.0,1.0,0.0,0.0,0.0,0.0,3.0,0.0,0.0,0.0,0.0,0.0,0.0,0.0,3.0,0.0,0.0,8110002.0,0.5,0.85714287,0.0,0.0,0.0,0.0,0.0,0.0,0.0,0.0,0.0,0.0,1.0,0.0,0.0,0.0,0.0,0.0,0.0,0.0,1.0,0.0,0.0,0.0,0.0,0.0,0.0,0.0,0.6666667,0.0,0.0,0.0,0.0,0.0,0.0,0.0,351354.0,0.0,0.0,0.0,0.0,0.0,0.0,0.0,0.0,0.0,0.0,0.0,0.0,0.0,0.0,0.0,40.0,3.0,13.333333,8.498365,25.0,0.0,0.0,0.0,0.0,0.0,40.0,3.0,13.333333,8.498365,25.0,1.0,120.0,120.0,120.0,0.0,10.0,10.0,10.0,0.0,120.0,1.0,120.0,0.0,120.0,0.0,0.0,0.0,0.0,0.0,120.0,1.0,120.0,0.0,120.0,0.0,0.0,0.0,0.0,0.0,0.0,0.0,0.0,0.0,0.0,0.0,0.0,0.0,0.0,0.0
50815,6022.0,6022.0,2019-03-31,124.0,0.0,0.0,36550.0,yixin,406517.406517p0,1080.0,1920.0,android,8.0.0,7465.0,732.0,6.0,22.0,53.0,250.0,4.0,8.0,31.0,44.0,0.0,0.0,0.0,0.0,0.0,0.0,0.0,0.0,0.0,15.0,305.0,6.0,13.0,5.0,0.0,0.0,0.0,0.0,0.0,0.0,1.0,1.0,0.0,0.0,2.0,0.0,0.0,0.0,2.0,0.0,0.0,0.0,4.0,0.0,0.0,0.0,0.0,0.0,0.0,0.0,0.0,0.0,0.0,8110023.0,0.53846157,1.0,0.0,0.0,0.0,0.0,0.0,0.0,1.0,0.0,0.0,0.0,1.0,0.0,0.0,0.0,1.0,0.0,0.0,0.0,1.0,0.0,0.0,0.0,0.0,0.0,0.0,0.0,0.0,0.0,0.0,0.0,0.0,0.0,0.0,0.0,441093.0,0.0,0.0,0.0,0.0,0.0,0.0,0.0,0.0,0.0,0.0,0.0,0.0,0.0,0.0,0.0,25.0,1.0,25.0,0.0,25.0,0.0,0.0,0.0,0.0,0.0,25.0,1.0,25.0,0.0,25.0,0.0,0.0,0.0,0.0,0.0,0.0,0.0,0.0,0.0,0.0,0.0,0.0,0.0,0.0,0.0,0.0,0.0,0.0,0.0,0.0,0.0,0.0,0.0,0.0,0.0,0.0,0.0,0.0,0.0,0.0,0.0,0.0,0.0,0.0,0.0,0.0,0.0,0.0,0.0
257278,1040.0,1040.0,2019-11-18,48.0,0.0,0.0,3254.0,app_store,406517.406517p0,1536.0,2048.0,ios,12.10,12852.0,1308.0,8.0,38.0,85.0,85.0,4.0,8.0,8.0,20.0,0.0,0.0,0.0,0.0,1.0,0.0,0.0,0.0,0.0,30.0,416.0,13.0,8.0,46.0,0.0,0.0,0.0,0.0,0.0,0.0,0.0,0.0,0.0,4.0,0.0,0.0,0.0,0.0,2.0,0.0,1.0,0.0,0.0,0.0,0.0,0.0,0.0,0.0,0.0,0.0,1.0,0.0,0.0,8110005.0,0.75,0.36956522,0.0,0.0,0.0,0.0,0.0,0.0,0.0,0.0,0.0,1.0,0.0,0.0,0.0,0.0,1.0,0.0,0.0,0.0,0.0,0.0,0.0,0.0,0.0,0.0,0.0,0.0,0.0,0.0,0.0,0.0,0.0,0.0,0.0,0.0,325669.0,0.0,0.0,0.0,0.0,0.0,0.0,0.0,0.0,0.0,0.0,0.0,0.0,0.0,0.0,0.0,70.0,2.0,35.0,15.0,50.0,0.0,0.0,0.0,0.0,0.0,70.0,2.0,35.0,15.0,50.0,1.0,25.0,25.0,25.0,0.0,1.0,1.0,1.0,0.0,25.0,1.0,25.0,0.0,25.0,0.0,0.0,0.0,0.0,0.0,25.0,1.0,25.0,0.0,25.0,0.0,0.0,0.0,0.0,0.0,0.0,0.0,0.0,0.0,0.0,0.0,0.0,0.0,0.0,0.0
105336,6002.0,6002.0,2018-08-22,58.0,1.0,0.0,9951.0,4399com,395065.395065p0,1080.0,2016.0,android,7.1.1,0.0,0.0,0.0,0.0,0.0,0.0,0.0,0.0,0.0,70.0,0.0,0.0,0.0,0.0,1.0,0.0,0.0,0.0,0.0,0.0,0.0,0.0,0.0,0.0,0.0,0.0,0.0,0.0,0.0,0.0,0.0,0.0,0.0,0.0,0.0,0.0,0.0,0.0,0.0,0.0,0.0,0.0,0.0,0.0,0.0,0.0,0.0,0.0,0.0,0.0,0.0,0.0,0.0,8110002.0,0.0,0.0,0.0,0.0,0.0,0.0,0.0,0.0,0.0,0.0,0.0,0.0,0.0,0.0,0.0,0.0,0.0,0.0,0.0,0.0,0.0,0.0,0.0,0.0,0.0,0.0,0.0,0.0,0.0,0.0,0.0,24.0,0.0,0.0,0.0,0.0,0.0,0.0,0.0,0.0,0.0,0.0,0.0,0.0,0.0,0.0,0.0,0.0,0.0,0.0,0.0,0.0,0.0,0.0,0.0,0.0,0.0,0.0,0.0,0.0,0.0,0.0,0.0,0.0,0.0,0.0,0.0,0.0,0.0,0.0,0.0,0.0,0.0,0.0,0.0,0.0,0.0,0.0,0.0,0.0,0.0,0.0,0.0,0.0,0.0,0.0,0.0,0.0,0.0,0.0,0.0,0.0,0.0,0.0,0.0,0.0,0.0,0.0,0.0,0.0,0.0,0.0,0.0,0.0,0.0,0.0
212844,1032.0,1032.0,2019-06-12,107.0,6.0,0.0,28965.0,app_store,406517.406517p0,828.0,1792.0,ios,13.10,0.0,0.0,0.0,1.0,4.0,42.0,1.0,3.0,12.0,67.0,0.0,0.0,0.0,0.0,1.0,0.0,0.0,0.0,0.0,0.0,0.0,0.0,0.0,0.0,0.0,0.0,0.0,0.0,0.0,0.0,0.0,0.0,0.0,0.0,0.0,0.0,0.0,0.0,0.0,0.0,0.0,0.0,0.0,0.0,0.0,0.0,0.0,0.0,0.0,0.0,0.0,0.0,0.0,8110000.0,0.0,0.0,0.0,0.0,0.0,0.0,0.0,0.0,0.0,0.0,0.0,0.0,0.0,0.0,0.0,0.0,0.0,0.0,0.0,0.0,0.0,0.0,0.0,0.0,0.0,0.0,0.0,0.0,0.0,0.0,0.0,564.0,0.0,0.0,0.0,0.0,0.0,0.0,0.0,0.0,0.0,0.0,0.0,0.0,0.0,0.0,0.0,0.0,0.0,0.0,0.0,0.0,0.0,0.0,0.0,0.0,0.0,0.0,0.0,0.0,0.0,0.0,0.0,0.0,0.0,0.0,0.0,0.0,0.0,0.0,0.0,0.0,0.0,0.0,0.0,0.0,0.0,0.0,0.0,0.0,0.0,0.0,0.0,0.0,0.0,0.0,0.0,0.0,0.0,0.0,0.0,0.0,0.0,0.0,0.0,0.0,0.0,0.0,0.0,0.0,0.0,0.0,0.0,0.0,0.0,0.0
